timestamp,heart_rate,temperature,spo2,hr_avg,temp_avg,spo2_avg,alert
2025-12-06 07:16:12.173729,66,38.75,95,,,,Fever
2025-12-06 07:16:13.173729,88,36.22,92,,,,Normal
2025-12-06 07:16:14.173729,81,36.58,85,,,,Low SpO2
2025-12-06 07:16:15.173729,86,38.15,97,,,,Fever
2025-12-06 07:16:16.173729,78,37.25,94,,,,Normal
2025-12-06 07:16:17.173729,76,38.85,89,,,,Low SpO2
2025-12-06 07:16:18.173729,78,38.53,99,,,,Fever
2025-12-06 07:16:19.173729,71,36.43,100,,,,Normal
2025-12-06 07:16:20.173729,114,37.24,98,,,,High Heart Rate
2025-12-06 07:16:21.173729,86,37.27,88,82.4,37.527,93.7,Low SpO2
2025-12-06 07:16:22.173729,119,39.16,89,87.7,37.568,93.1,High Heart Rate
2025-12-06 07:16:23.173729,85,37.87,93,87.4,37.733000000000004,93.2,Normal
2025-12-06 07:16:24.173729,73,38.36,94,86.6,37.911,94.1,Fever
2025-12-06 07:16:25.173729,85,37.8,100,86.5,37.876,94.4,Normal
2025-12-06 07:16:26.173729,114,36.33,97,90.1,37.784000000000006,94.7,High Heart Rate
2025-12-06 07:16:27.173729,107,36.73,98,93.2,37.571999999999996,95.6,Normal
2025-12-06 07:16:28.173729,118,39.37,91,97.2,37.656,94.8,High Heart Rate
2025-12-06 07:16:29.173729,77,36.42,85,97.8,37.655,93.3,Low SpO2
2025-12-06 07:16:30.173729,81,36.07,98,94.5,37.538,93.3,Normal
2025-12-06 07:16:31.173729,112,38.35,98,97.1,37.646,94.3,High Heart Rate
2025-12-06 07:16:32.173729,95,36.17,93,94.7,37.346999999999994,94.7,Normal
2025-12-06 07:16:33.173729,94,36.55,90,95.6,37.214999999999996,94.4,Low SpO2
2025-12-06 07:16:34.173729,82,36.76,92,96.5,37.05499999999999,94.2,Normal
2025-12-06 07:16:35.173729,118,38.36,85,99.8,37.111000000000004,92.7,High Heart Rate
2025-12-06 07:16:36.173729,113,39.2,88,99.7,37.397999999999996,91.8,High Heart Rate
2025-12-06 07:16:37.173729,78,36.35,94,96.8,37.36,91.4,Normal
2025-12-06 07:16:38.173729,71,38.51,98,92.1,37.274,92.1,Fever
2025-12-06 07:16:39.173729,99,39.48,100,94.3,37.58,93.6,Fever
2025-12-06 07:16:40.173729,97,37.22,96,95.9,37.695,93.4,Normal
2025-12-06 07:16:41.173729,70,37.02,89,91.7,37.562,92.5,Low SpO2
2025-12-06 07:16:42.173729,112,37.0,94,93.4,37.644999999999996,92.6,High Heart Rate
2025-12-06 07:16:43.173729,112,38.62,87,95.2,37.852,92.3,High Heart Rate
2025-12-06 07:16:44.173729,82,38.5,96,95.2,38.025999999999996,92.7,Fever
2025-12-06 07:16:45.173729,72,37.26,92,90.6,37.916,93.4,Normal
2025-12-06 07:16:46.173729,73,38.16,93,86.6,37.812,93.9,Fever
2025-12-06 07:16:47.173729,66,36.84,91,85.4,37.861,93.6,Low SpO2
2025-12-06 07:16:48.173729,97,36.04,91,88.0,37.614,92.9,Low SpO2
2025-12-06 07:16:49.173729,71,36.49,87,85.2,37.315,91.6,Low SpO2
2025-12-06 07:16:50.173729,64,36.55,98,81.9,37.248000000000005,91.8,Normal
2025-12-06 07:16:51.173729,97,37.07,98,84.6,37.253,92.7,Normal
2025-12-06 07:16:52.173729,80,37.17,91,81.4,37.27,92.4,Low SpO2
2025-12-06 07:16:53.173729,102,39.15,99,80.4,37.323,93.6,Fever
2025-12-06 07:16:54.173729,108,38.1,97,83.0,37.283,93.7,Fever
2025-12-06 07:16:55.173729,85,38.27,85,84.3,37.384,93.0,Low SpO2
2025-12-06 07:16:56.173729,74,38.04,97,84.4,37.372,93.4,Fever
2025-12-06 07:16:57.173729,89,38.66,87,86.7,37.554,93.0,Low SpO2
2025-12-06 07:16:58.173729,112,38.97,100,88.2,37.847,93.9,High Heart Rate
2025-12-06 07:16:59.173729,119,39.2,91,93.0,38.118,94.3,High Heart Rate
2025-12-06 07:17:00.173729,80,36.55,85,94.6,38.117999999999995,93.0,Low SpO2
2025-12-06 07:17:01.173729,66,37.35,87,91.5,38.146,91.9,Low SpO2
2025-12-06 07:17:02.173729,90,38.97,95,92.5,38.326,92.3,Fever
2025-12-06 07:17:03.173729,83,38.35,90,90.6,38.245999999999995,91.4,Low SpO2
2025-12-06 07:17:04.173729,65,37.7,98,86.3,38.206,91.5,Normal
2025-12-06 07:17:05.173729,103,37.79,94,88.1,38.158,92.4,Normal
2025-12-06 07:17:06.173729,66,38.38,85,87.3,38.19199999999999,91.2,Low SpO2
2025-12-06 07:17:07.173729,80,39.36,91,86.4,38.262,91.6,Low SpO2
2025-12-06 07:17:08.173729,106,39.12,86,85.8,38.277,90.2,Low SpO2
2025-12-06 07:17:09.173729,90,38.3,90,82.9,38.187,90.1,Low SpO2
2025-12-06 07:17:10.173729,73,36.5,88,82.2,38.182,90.4,Low SpO2
2025-12-06 07:17:11.173729,65,39.1,89,82.1,38.357,90.6,Low SpO2
2025-12-06 07:17:12.173729,117,36.76,96,84.8,38.135999999999996,90.7,High Heart Rate
2025-12-06 07:17:13.173729,61,39.48,93,82.6,38.249,91.0,Fever
2025-12-06 07:17:14.173729,98,36.48,100,85.9,38.126999999999995,91.2,Normal
2025-12-06 07:17:15.173729,83,37.34,91,83.9,38.082,90.9,Low SpO2
2025-12-06 07:17:16.173729,60,38.6,96,83.3,38.104,92.0,Fever
2025-12-06 07:17:17.173729,95,37.03,86,84.8,37.870999999999995,91.5,Low SpO2
2025-12-06 07:17:18.173729,104,36.12,88,84.6,37.571,91.7,Low SpO2
2025-12-06 07:17:19.173729,118,37.67,92,87.4,37.507999999999996,91.9,High Heart Rate
2025-12-06 07:17:20.173729,67,37.9,92,86.8,37.647999999999996,92.3,Normal
2025-12-06 07:17:21.173729,74,38.21,99,87.7,37.559000000000005,93.3,Fever
2025-12-06 07:17:22.173729,108,38.56,90,86.8,37.739000000000004,92.7,Low SpO2
2025-12-06 07:17:23.173729,60,37.76,100,86.7,37.567,93.4,Normal
2025-12-06 07:17:24.173729,75,38.16,93,84.4,37.735,92.7,Fever
2025-12-06 07:17:25.173729,102,38.59,98,86.3,37.86,93.4,Fever
2025-12-06 07:17:26.173729,107,38.59,90,91.0,37.858999999999995,92.8,Low SpO2
2025-12-06 07:17:27.173729,87,38.25,99,90.2,37.981,94.1,Fever
2025-12-06 07:17:28.173729,60,39.33,97,85.8,38.302,95.0,Fever
2025-12-06 07:17:29.173729,100,39.33,86,84.0,38.468,94.4,Low SpO2
2025-12-06 07:17:30.173729,64,39.31,97,83.7,38.609,94.9,Fever
2025-12-06 07:17:31.173729,103,37.65,100,86.6,38.553,95.0,Normal
2025-12-06 07:17:32.173729,105,36.69,89,86.3,38.366,94.9,Low SpO2
2025-12-06 07:17:33.173729,64,38.16,91,86.7,38.406,94.0,Low SpO2
2025-12-06 07:17:34.173729,85,38.65,99,87.7,38.455,94.6,Fever
2025-12-06 07:17:35.173729,110,37.77,96,88.5,38.373,94.4,Normal
2025-12-06 07:17:36.173729,99,36.46,85,87.7,38.160000000000004,93.9,Low SpO2
2025-12-06 07:17:37.173729,105,37.49,89,89.5,38.084,92.9,Low SpO2
2025-12-06 07:17:38.173729,90,36.84,100,92.5,37.834999999999994,93.2,Normal
2025-12-06 07:17:39.173729,98,37.47,92,92.3,37.649,93.8,Normal
2025-12-06 07:17:40.173729,105,36.17,88,96.4,37.334999999999994,92.9,Low SpO2
2025-12-06 07:17:41.173729,80,36.1,89,94.1,37.18,91.8,Low SpO2
2025-12-06 07:17:42.173729,64,39.12,90,90.0,37.423,91.9,Low SpO2
2025-12-06 07:17:43.173729,89,38.82,86,92.5,37.489,91.4,Low SpO2
2025-12-06 07:17:44.173729,97,36.07,96,93.7,37.231,91.1,Normal
2025-12-06 07:17:45.173729,69,36.98,99,89.6,37.152,91.4,Normal
2025-12-06 07:17:46.173729,67,37.27,92,86.4,37.233,92.1,Normal
2025-12-06 07:17:47.173729,98,39.09,87,85.7,37.393,91.9,Low SpO2
2025-12-06 07:17:48.173729,89,37.46,91,85.6,37.455,91.0,Low SpO2
2025-12-06 07:17:49.173729,79,38.24,97,83.7,37.532,91.5,Fever
2025-12-06 07:17:50.173729,93,38.61,88,82.5,37.776,91.5,Low SpO2
2025-12-06 07:17:51.173729,73,37.7,93,81.8,37.936,91.9,Normal
2025-12-06 07:17:52.173729,68,37.14,86,82.2,37.738,91.5,Low SpO2
2025-12-06 07:17:53.173729,73,36.95,98,80.6,37.551,92.7,Normal
2025-12-06 07:17:54.173729,67,38.72,96,77.6,37.816,92.7,Fever
2025-12-06 07:17:55.173729,81,38.33,90,78.8,37.951,91.8,Low SpO2
2025-12-06 07:17:56.173729,92,36.43,87,81.3,37.867000000000004,91.3,Low SpO2
2025-12-06 07:17:57.173729,117,36.88,91,83.2,37.646,91.7,High Heart Rate
2025-12-06 07:17:58.173729,112,38.08,91,85.5,37.708,91.7,High Heart Rate
2025-12-06 07:17:59.173729,78,37.49,90,85.4,37.632999999999996,91.0,Low SpO2
2025-12-06 07:18:00.173729,115,39.08,87,87.6,37.67999999999999,90.9,High Heart Rate
2025-12-06 07:18:01.173729,65,38.33,94,86.8,37.743,91.0,Fever
2025-12-06 07:18:02.173729,108,37.71,91,90.8,37.8,91.5,Low SpO2
2025-12-06 07:18:03.173729,83,38.82,89,91.8,37.987,90.6,Low SpO2
2025-12-06 07:18:04.173729,73,39.31,99,92.4,38.046,90.9,Fever
2025-12-06 07:18:05.173729,106,37.94,96,94.9,38.007,91.5,Normal
2025-12-06 07:18:06.173729,120,36.63,98,97.7,38.027,92.6,High Heart Rate
2025-12-06 07:18:07.173729,115,37.59,91,97.5,38.098,92.6,High Heart Rate
2025-12-06 07:18:08.173729,103,38.27,91,96.6,38.117000000000004,92.6,Low SpO2
2025-12-06 07:18:09.173729,71,36.3,87,95.9,37.998000000000005,92.3,Low SpO2
2025-12-06 07:18:10.173729,109,38.66,100,95.3,37.955999999999996,93.6,Fever
2025-12-06 07:18:11.173729,120,38.17,94,100.8,37.94,93.6,High Heart Rate
2025-12-06 07:18:12.173729,80,39.15,99,98.0,38.084,94.4,Fever
2025-12-06 07:18:13.173729,117,38.38,96,101.4,38.040000000000006,95.1,High Heart Rate
2025-12-06 07:18:14.173729,117,39.49,98,105.8,38.05800000000001,95.0,High Heart Rate
2025-12-06 07:18:15.173729,115,37.9,86,106.7,38.054,94.0,High Heart Rate
2025-12-06 07:18:16.173729,87,39.46,93,103.4,38.337,93.5,Fever
2025-12-06 07:18:17.173729,102,38.29,87,102.1,38.407,93.1,Low SpO2
2025-12-06 07:18:18.173729,115,36.12,94,103.3,38.192,93.4,High Heart Rate
2025-12-06 07:18:19.173729,85,37.57,89,104.7,38.319,93.6,Low SpO2
2025-12-06 07:18:20.173729,86,37.6,85,102.4,38.213,92.1,Low SpO2
2025-12-06 07:18:21.173729,66,37.29,90,97.0,38.125,91.7,Low SpO2
2025-12-06 07:18:22.173729,76,37.91,85,96.6,38.001,90.3,Low SpO2
2025-12-06 07:18:23.173729,88,36.55,90,93.7,37.818,89.7,Low SpO2
2025-12-06 07:18:24.173729,106,38.54,88,92.6,37.723,88.7,Low SpO2
2025-12-06 07:18:25.173729,87,36.7,86,89.8,37.602999999999994,88.7,Low SpO2
2025-12-06 07:18:26.173729,78,39.2,93,88.9,37.577000000000005,88.7,Fever
2025-12-06 07:18:27.173729,69,36.97,92,85.6,37.445,89.2,Normal
2025-12-06 07:18:28.173729,61,38.95,95,80.2,37.727999999999994,89.3,Fever
2025-12-06 07:18:29.173729,82,37.73,90,79.9,37.744,89.4,Low SpO2
2025-12-06 07:18:30.173729,107,36.84,88,82.0,37.66799999999999,89.7,Low SpO2
2025-12-06 07:18:31.173729,79,36.53,87,83.3,37.592,89.4,Low SpO2
2025-12-06 07:18:32.173729,108,37.31,87,86.5,37.532,89.6,Low SpO2
2025-12-06 07:18:33.173729,110,36.61,88,88.7,37.538,89.4,Low SpO2
2025-12-06 07:18:34.173729,81,37.15,91,86.2,37.399,89.7,Low SpO2
2025-12-06 07:18:35.173729,101,37.64,91,87.6,37.493,90.2,Low SpO2
2025-12-06 07:18:36.173729,103,37.37,87,90.1,37.309999999999995,89.6,Low SpO2
2025-12-06 07:18:37.173729,99,37.22,92,93.1,37.335,89.6,Normal
2025-12-06 07:18:38.173729,92,36.26,97,96.2,37.066,89.8,Normal
2025-12-06 07:18:39.173729,99,36.05,87,97.9,36.898,89.5,Low SpO2
2025-12-06 07:18:40.173729,63,38.5,94,93.5,37.064,90.1,Fever
2025-12-06 07:18:41.173729,110,36.02,92,96.6,37.013,90.6,Normal
2025-12-06 07:18:42.173729,79,39.37,96,93.7,37.219,91.5,Fever
2025-12-06 07:18:43.173729,79,36.3,99,90.6,37.188,92.6,Normal
2025-12-06 07:18:44.173729,67,36.78,91,89.2,37.150999999999996,92.6,Low SpO2
2025-12-06 07:18:45.173729,61,36.99,90,85.2,37.086,92.5,Low SpO2
2025-12-06 07:18:46.173729,69,36.44,85,81.8,36.993,92.3,Low SpO2
2025-12-06 07:18:47.173729,110,37.77,93,82.9,37.047999999999995,92.4,Normal
2025-12-06 07:18:48.173729,73,37.91,100,81.0,37.213,92.7,Normal
2025-12-06 07:18:49.173729,103,36.91,85,81.4,37.29899999999999,92.5,Low SpO2
2025-12-06 07:18:50.173729,100,36.47,85,85.1,37.096,91.6,Low SpO2
2025-12-06 07:18:51.173729,108,39.17,89,84.9,37.411,91.3,Low SpO2
2025-12-06 07:18:52.173729,81,36.75,98,85.1,37.149,91.5,Normal
2025-12-06 07:18:53.173729,120,36.68,100,89.2,37.187,91.6,High Heart Rate
2025-12-06 07:18:54.173729,86,36.61,94,91.1,37.17,91.9,Normal
2025-12-06 07:18:55.173729,96,39.19,92,94.6,37.39,92.1,Fever
2025-12-06 07:18:56.173729,97,37.56,91,97.4,37.501999999999995,92.7,Low SpO2
2025-12-06 07:18:57.173729,82,38.98,93,94.6,37.623000000000005,92.7,Fever
2025-12-06 07:18:58.173729,72,36.66,88,94.5,37.498,91.5,Low SpO2
2025-12-06 07:18:59.173729,102,39.41,93,94.4,37.748000000000005,92.3,Fever
2025-12-06 07:19:00.173729,102,39.27,93,94.6,38.028,93.1,Fever
2025-12-06 07:19:01.173729,69,38.61,94,90.7,37.971999999999994,93.6,Fever
2025-12-06 07:19:02.173729,102,36.42,90,92.8,37.939,92.8,Low SpO2
2025-12-06 07:19:03.173729,97,36.29,88,90.5,37.9,91.6,Low SpO2
2025-12-06 07:19:04.173729,84,37.59,94,90.3,37.998000000000005,91.6,Normal
2025-12-06 07:19:05.173729,73,36.15,96,88.0,37.694,92.0,Normal
2025-12-06 07:19:06.173729,77,38.07,94,86.0,37.745,92.3,Fever
2025-12-06 07:19:07.173729,120,37.78,92,89.8,37.625,92.2,High Heart Rate
2025-12-06 07:19:08.173729,60,37.27,96,88.6,37.686,93.0,Normal
2025-12-06 07:19:09.173729,94,38.46,87,87.8,37.591,92.4,Low SpO2
2025-12-06 07:19:10.173729,93,36.28,99,86.9,37.292,93.0,Normal
2025-12-06 07:19:11.173729,76,36.07,87,87.6,37.038,92.3,Low SpO2
2025-12-06 07:19:12.173729,100,38.06,98,87.4,37.202,93.1,Fever
2025-12-06 07:19:13.173729,103,39.13,88,88.0,37.486000000000004,93.1,Low SpO2
2025-12-06 07:19:14.173729,95,37.52,95,89.1,37.479,93.2,Normal
2025-12-06 07:19:15.173729,116,38.15,96,93.4,37.679,93.2,High Heart Rate
2025-12-06 07:19:16.173729,114,36.1,99,97.1,37.482000000000006,93.7,High Heart Rate
2025-12-06 07:19:17.173729,103,38.15,90,95.4,37.519,93.5,Low SpO2
2025-12-06 07:19:18.173729,94,37.63,90,98.8,37.555,92.9,Low SpO2
2025-12-06 07:19:19.173729,110,38.53,97,100.4,37.562,93.9,Fever
2025-12-06 07:19:20.173729,94,37.05,97,100.5,37.638999999999996,93.7,Normal
2025-12-06 07:19:21.173729,116,37.7,94,104.5,37.80200000000001,94.4,High Heart Rate
2025-12-06 07:19:22.173729,71,38.8,94,101.6,37.876,94.0,Fever
2025-12-06 07:19:23.173729,88,37.96,87,100.1,37.759,93.9,Low SpO2
2025-12-06 07:19:24.173729,73,37.24,85,97.9,37.731,92.9,Low SpO2
2025-12-06 07:19:25.173729,102,39.3,91,96.5,37.846000000000004,92.4,Low SpO2
2025-12-06 07:19:26.173729,109,38.24,91,96.0,38.059999999999995,91.6,Low SpO2
2025-12-06 07:19:27.173729,97,36.62,92,95.4,37.907,91.8,Normal
2025-12-06 07:19:28.173729,105,39.11,85,96.5,38.055,91.3,Low SpO2
2025-12-06 07:19:29.173729,119,39.15,88,97.4,38.117,90.4,High Heart Rate
2025-12-06 07:19:30.173729,109,39.33,89,98.9,38.345000000000006,89.6,Low SpO2
2025-12-06 07:19:31.173729,79,36.33,99,95.2,38.208,90.1,Normal
2025-12-06 07:19:32.173729,112,36.78,96,99.3,38.00599999999999,90.3,High Heart Rate
2025-12-06 07:19:33.173729,79,38.41,89,98.4,38.051,90.5,Low SpO2
2025-12-06 07:19:34.173729,114,39.4,87,102.5,38.266999999999996,90.7,High Heart Rate
2025-12-06 07:19:35.173729,94,37.65,89,101.7,38.102000000000004,90.5,Low SpO2
2025-12-06 07:19:36.173729,71,37.49,90,97.9,38.027,90.4,Low SpO2
2025-12-06 07:19:37.173729,115,37.32,91,99.7,38.097,90.3,High Heart Rate
2025-12-06 07:19:38.173729,73,39.22,90,96.5,38.108,90.8,Low SpO2
2025-12-06 07:19:39.173729,104,38.54,99,95.0,38.047000000000004,91.9,Fever
2025-12-06 07:19:40.173729,72,36.19,95,91.3,37.733,92.5,Normal
2025-12-06 07:19:41.173729,62,36.44,91,89.6,37.744,91.7,Low SpO2
2025-12-06 07:19:42.173729,103,38.12,95,88.7,37.878,91.6,Fever
2025-12-06 07:19:43.173729,116,37.4,92,92.4,37.777,91.9,High Heart Rate
2025-12-06 07:19:44.173729,82,36.8,86,89.2,37.517,91.8,Low SpO2
2025-12-06 07:19:45.173729,73,38.71,88,87.1,37.623,91.7,Low SpO2
2025-12-06 07:19:46.173729,63,37.82,91,86.3,37.656,91.8,Low SpO2
2025-12-06 07:19:47.173729,120,38.63,89,86.8,37.78699999999999,91.6,High Heart Rate
2025-12-06 07:19:48.173729,97,36.85,87,89.2,37.55,91.3,Low SpO2
2025-12-06 07:19:49.173729,84,37.44,92,87.2,37.44,90.6,Normal
2025-12-06 07:19:50.173729,62,38.75,96,86.2,37.696,90.7,Fever
2025-12-06 07:19:51.173729,116,39.28,97,91.6,37.98,91.3,High Heart Rate
2025-12-06 07:19:52.173729,83,39.34,86,89.6,38.102,90.4,Low SpO2
2025-12-06 07:19:53.173729,79,38.59,86,85.9,38.221000000000004,89.8,Low SpO2
2025-12-06 07:19:54.173729,74,36.02,87,85.1,38.143,89.9,Low SpO2
2025-12-06 07:19:55.173729,93,37.2,88,87.1,37.992000000000004,89.9,Low SpO2
2025-12-06 07:19:56.173729,103,38.69,88,91.1,38.079,89.6,Low SpO2
2025-12-06 07:19:57.173729,76,36.18,87,86.7,37.834,89.4,Low SpO2
2025-12-06 07:19:58.173729,113,39.03,85,88.3,38.052,89.2,High Heart Rate
2025-12-06 07:19:59.173729,65,36.12,90,86.4,37.92,89.0,Low SpO2
2025-12-06 07:20:00.173729,92,37.61,90,89.4,37.806,88.4,Low SpO2
2025-12-06 07:20:01.173729,63,36.57,88,84.1,37.535,87.5,Low SpO2
2025-12-06 07:20:02.173729,63,38.05,91,82.1,37.406,88.0,Low SpO2
2025-12-06 07:20:03.173729,60,38.96,86,80.2,37.443,88.0,Low SpO2
2025-12-06 07:20:04.173729,89,37.58,100,81.7,37.599000000000004,89.3,Normal
2025-12-06 07:20:05.173729,91,38.95,99,81.5,37.774,90.4,Fever
2025-12-06 07:20:06.173729,110,36.67,96,82.2,37.572,91.2,Normal
2025-12-06 07:20:07.173729,74,36.43,92,82.0,37.597,91.7,Normal
2025-12-06 07:20:08.173729,117,37.62,93,82.4,37.456,92.5,High Heart Rate
2025-12-06 07:20:09.173729,98,38.8,89,85.7,37.724000000000004,92.4,Low SpO2
2025-12-06 07:20:10.173729,117,39.44,85,88.2,37.907,91.9,High Heart Rate
2025-12-06 07:20:11.173729,64,37.69,100,88.3,38.019,93.1,Normal
2025-12-06 07:20:12.173729,73,36.61,95,89.3,37.875,93.5,Normal
2025-12-06 07:20:13.173729,107,39.37,99,94.0,37.916000000000004,94.8,Fever
2025-12-06 07:20:14.173729,120,38.4,94,97.1,37.998,94.2,High Heart Rate
2025-12-06 07:20:15.173729,76,36.14,98,95.6,37.717,94.1,Normal
2025-12-06 07:20:16.173729,93,36.95,87,93.9,37.745,93.2,Low SpO2
2025-12-06 07:20:17.173729,98,38.53,87,96.3,37.955,92.7,Low SpO2
2025-12-06 07:20:18.173729,70,37.73,100,91.6,37.966,93.4,Normal
2025-12-06 07:20:19.173729,93,37.96,89,91.1,37.882,93.4,Low SpO2
2025-12-06 07:20:20.173729,112,36.08,85,90.6,37.546,93.4,High Heart Rate
2025-12-06 07:20:21.173729,90,37.46,90,93.2,37.523,92.4,Low SpO2
2025-12-06 07:20:22.173729,76,38.59,92,93.5,37.721,92.1,Fever
2025-12-06 07:20:23.173729,100,36.06,92,92.8,37.39,91.4,Normal
2025-12-06 07:20:24.173729,67,36.18,91,87.5,37.168,91.1,Low SpO2
2025-12-06 07:20:25.173729,86,38.84,88,88.5,37.438,90.1,Low SpO2
2025-12-06 07:20:26.173729,84,37.97,92,87.6,37.54,90.6,Normal
2025-12-06 07:20:27.173729,85,38.08,86,86.3,37.495,90.5,Low SpO2
2025-12-06 07:20:28.173729,81,37.55,89,87.4,37.477,89.4,Low SpO2
2025-12-06 07:20:29.173729,114,37.97,85,89.5,37.478,89.0,High Heart Rate
2025-12-06 07:20:30.173729,98,39.48,86,88.1,37.818,89.1,Low SpO2
2025-12-06 07:20:31.173729,111,38.78,91,90.2,37.95,89.2,High Heart Rate
2025-12-06 07:20:32.173729,109,36.38,100,93.5,37.729,90.0,Normal
2025-12-06 07:20:33.173729,120,36.13,89,95.5,37.736000000000004,89.7,High Heart Rate
2025-12-06 07:20:34.173729,106,38.37,89,99.4,37.955,89.5,Low SpO2
2025-12-06 07:20:35.173729,100,38.32,85,100.8,37.903,89.2,Low SpO2
2025-12-06 07:20:36.173729,103,38.53,96,102.7,37.959,89.6,Fever
2025-12-06 07:20:37.173729,92,36.91,96,103.4,37.842,90.6,Normal
2025-12-06 07:20:38.173729,120,36.14,87,107.3,37.701,90.4,High Heart Rate
2025-12-06 07:20:39.173729,84,39.43,96,104.3,37.846999999999994,91.5,Fever
2025-12-06 07:20:40.173729,88,39.11,89,103.3,37.81,91.8,Low SpO2
2025-12-06 07:20:41.173729,90,38.63,91,101.2,37.795,91.8,Low SpO2
2025-12-06 07:20:42.173729,66,37.96,86,96.9,37.952999999999996,90.4,Low SpO2
2025-12-06 07:20:43.173729,67,39.04,98,91.6,38.244,91.3,Fever
2025-12-06 07:20:44.173729,120,39.48,91,93.0,38.355000000000004,91.5,High Heart Rate
2025-12-06 07:20:45.173729,97,38.74,89,92.7,38.397000000000006,91.9,Low SpO2
2025-12-06 07:20:46.173729,114,37.06,89,93.8,38.25,91.2,High Heart Rate
2025-12-06 07:20:47.173729,116,37.94,94,96.2,38.352999999999994,91.0,High Heart Rate
2025-12-06 07:20:48.173729,100,38.2,98,94.2,38.559000000000005,92.1,Fever
2025-12-06 07:20:49.173729,101,36.29,92,95.9,38.245,91.7,Normal
2025-12-06 07:20:50.173729,111,37.19,100,98.2,38.053,92.8,High Heart Rate
2025-12-06 07:20:51.173729,83,36.54,94,97.5,37.844,93.1,Normal
2025-12-06 07:20:52.173729,101,39.22,88,101.0,37.970000000000006,93.3,Low SpO2
2025-12-06 07:20:53.173729,82,37.86,92,102.5,37.852,92.7,Normal
2025-12-06 07:20:54.173729,64,38.22,87,96.9,37.726,92.3,Low SpO2
2025-12-06 07:20:55.173729,119,37.02,93,99.1,37.553999999999995,92.7,High Heart Rate
2025-12-06 07:20:56.173729,91,39.08,93,96.8,37.756,93.1,Fever
2025-12-06 07:20:57.173729,82,36.84,94,93.4,37.646,93.1,Normal
2025-12-06 07:20:58.173729,99,37.8,85,93.3,37.606,91.8,Low SpO2
2025-12-06 07:20:59.173729,119,36.34,88,95.1,37.611000000000004,91.4,High Heart Rate
2025-12-06 07:21:00.173729,65,38.16,95,90.5,37.708000000000006,90.9,Fever
2025-12-06 07:21:01.173729,106,39.39,93,92.8,37.993,90.8,Fever
2025-12-06 07:21:02.173729,110,38.29,97,93.7,37.9,91.7,Fever
2025-12-06 07:21:03.173729,86,38.66,89,94.1,37.980000000000004,91.4,Low SpO2
2025-12-06 07:21:04.173729,108,39.14,88,98.5,38.071999999999996,91.5,Low SpO2
2025-12-06 07:21:05.173729,113,37.58,90,97.9,38.128,91.2,High Heart Rate
2025-12-06 07:21:06.173729,82,37.07,86,97.0,37.92700000000001,90.5,Low SpO2
2025-12-06 07:21:07.173729,108,37.5,96,99.6,37.993,90.7,Normal
2025-12-06 07:21:08.173729,104,36.54,85,100.1,37.867,90.7,Low SpO2
2025-12-06 07:21:09.173729,107,38.31,100,98.9,38.064,91.9,Fever
2025-12-06 07:21:10.173729,114,38.35,99,103.8,38.083,92.3,High Heart Rate
2025-12-06 07:21:11.173729,79,38.2,88,101.1,37.964,91.8,Low SpO2
2025-12-06 07:21:12.173729,75,39.19,87,97.6,38.054,90.8,Low SpO2
2025-12-06 07:21:13.173729,87,36.97,97,97.7,37.885000000000005,91.6,Normal
2025-12-06 07:21:14.173729,85,37.37,92,95.4,37.708000000000006,92.0,Normal
2025-12-06 07:21:15.173729,101,37.11,100,94.2,37.660999999999994,93.0,Normal
2025-12-06 07:21:16.173729,107,38.53,92,96.7,37.807,93.6,Fever
2025-12-06 07:21:17.173729,115,38.17,91,97.4,37.874,93.1,High Heart Rate
2025-12-06 07:21:18.173729,64,37.0,86,93.4,37.92,93.2,Low SpO2
2025-12-06 07:21:19.173729,63,36.61,99,89.0,37.75,93.1,Normal
2025-12-06 07:21:20.173729,72,38.05,88,84.8,37.72,92.0,Low SpO2
2025-12-06 07:21:21.173729,103,36.71,95,87.2,37.571,92.7,Normal
2025-12-06 07:21:22.173729,67,36.0,100,86.4,37.251999999999995,94.0,Normal
2025-12-06 07:21:23.173729,67,36.89,99,84.4,37.244,94.2,Normal
2025-12-06 07:21:24.173729,102,36.64,86,86.1,37.17100000000001,93.6,Low SpO2
2025-12-06 07:21:25.173729,97,38.5,98,85.7,37.31,93.4,Fever
2025-12-06 07:21:26.173729,117,36.75,95,86.7,37.132,93.7,High Heart Rate
2025-12-06 07:21:27.173729,61,36.74,89,81.3,36.989,93.5,Low SpO2
2025-12-06 07:21:28.173729,116,37.89,96,86.5,37.077999999999996,94.5,High Heart Rate
2025-12-06 07:21:29.173729,97,36.4,89,89.9,37.057,93.5,Low SpO2
2025-12-06 07:21:30.173729,119,36.4,97,94.6,36.892,94.4,High Heart Rate
2025-12-06 07:21:31.173729,98,36.73,85,94.1,36.894,93.4,Low SpO2
2025-12-06 07:21:32.173729,95,38.84,95,96.9,37.178000000000004,92.9,Fever
2025-12-06 07:21:33.173729,64,36.53,96,96.6,37.141999999999996,92.6,Normal
2025-12-06 07:21:34.173729,65,36.69,96,92.9,37.147,93.6,Normal
2025-12-06 07:21:35.173729,72,36.79,90,90.4,36.976,92.8,Low SpO2
2025-12-06 07:21:36.173729,95,39.16,97,88.2,37.217,93.0,Fever
2025-12-06 07:21:37.173729,84,36.07,97,90.5,37.15,93.8,Normal
2025-12-06 07:21:38.173729,94,38.32,90,88.3,37.193,93.2,Low SpO2
2025-12-06 07:21:39.173729,102,36.05,93,88.8,37.158,93.6,Normal
2025-12-06 07:21:40.173729,94,39.42,87,86.3,37.459999999999994,92.6,Low SpO2
2025-12-06 07:21:41.173729,78,36.86,96,84.3,37.473,93.7,Normal
2025-12-06 07:21:42.173729,99,38.74,90,84.7,37.463,93.2,Low SpO2
2025-12-06 07:21:43.173729,71,39.32,100,85.4,37.742000000000004,93.6,Fever
2025-12-06 07:21:44.173729,95,39.18,85,88.4,37.991,92.5,Low SpO2
2025-12-06 07:21:45.173729,88,37.68,100,90.0,38.08,93.5,Normal
2025-12-06 07:21:46.173729,83,36.23,100,88.8,37.78699999999999,93.8,Normal
2025-12-06 07:21:47.173729,115,38.75,94,91.9,38.05499999999999,93.5,High Heart Rate
2025-12-06 07:21:48.173729,97,38.35,88,92.2,38.058,93.3,Low SpO2
2025-12-06 07:21:49.173729,107,37.16,97,92.7,38.169,93.7,Normal
2025-12-06 07:21:50.173729,75,38.05,97,90.8,38.032,94.7,Fever
2025-12-06 07:21:51.173729,92,37.19,94,92.2,38.065,94.5,Normal
2025-12-06 07:21:52.173729,105,37.23,96,92.8,37.914,95.1,Normal
2025-12-06 07:21:53.173729,88,36.28,100,94.5,37.61,95.1,Normal
2025-12-06 07:21:54.173729,95,37.38,86,94.5,37.42999999999999,95.2,Low SpO2
2025-12-06 07:21:55.173729,105,36.14,89,96.2,37.275999999999996,94.1,Low SpO2
2025-12-06 07:21:56.173729,92,38.05,97,97.1,37.458000000000006,93.8,Fever
2025-12-06 07:21:57.173729,74,37.62,93,93.0,37.345,93.7,Normal
2025-12-06 07:21:58.173729,96,38.75,92,92.9,37.385,94.1,Fever
2025-12-06 07:21:59.173729,102,37.98,96,92.4,37.467,94.0,Normal
2025-12-06 07:22:00.173729,71,36.98,100,92.0,37.36,94.3,Normal
2025-12-06 07:22:01.173729,113,37.87,91,94.1,37.428,94.0,High Heart Rate
2025-12-06 07:22:02.173729,67,38.15,98,90.3,37.519999999999996,94.2,Fever
2025-12-06 07:22:03.173729,88,39.39,97,90.3,37.831,93.9,Fever
2025-12-06 07:22:04.173729,109,36.15,93,91.7,37.70799999999999,94.6,Normal
2025-12-06 07:22:05.173729,80,36.71,100,89.2,37.765,95.7,Normal
2025-12-06 07:22:06.173729,78,38.52,96,87.8,37.812,95.6,Fever
2025-12-06 07:22:07.173729,104,36.45,87,90.8,37.69500000000001,95.0,Low SpO2
2025-12-06 07:22:08.173729,96,36.81,97,90.8,37.501,95.5,Normal
2025-12-06 07:22:09.173729,97,36.01,89,90.3,37.304,94.8,Low SpO2
2025-12-06 07:22:10.173729,78,36.16,88,91.0,37.221999999999994,93.6,Low SpO2
2025-12-06 07:22:11.173729,113,36.1,86,91.0,37.045,93.1,High Heart Rate
2025-12-06 07:22:12.173729,75,38.88,97,91.8,37.118,93.0,Fever
2025-12-06 07:22:13.173729,85,38.58,98,91.5,37.037,93.1,Fever
2025-12-06 07:22:14.173729,62,37.73,87,86.8,37.19500000000001,92.5,Low SpO2
2025-12-06 07:22:15.173729,64,38.03,95,85.2,37.327,92.0,Fever
2025-12-06 07:22:16.173729,109,37.94,92,88.3,37.269,91.6,Normal
2025-12-06 07:22:17.173729,120,36.8,86,89.9,37.304,91.5,High Heart Rate
2025-12-06 07:22:18.173729,81,39.04,85,88.4,37.527,90.3,Low SpO2
2025-12-06 07:22:19.173729,118,36.4,97,90.5,37.565999999999995,91.1,High Heart Rate
2025-12-06 07:22:20.173729,116,39.18,91,94.3,37.868,91.4,High Heart Rate
2025-12-06 07:22:21.173729,60,38.07,85,89.0,38.065,91.3,Low SpO2
2025-12-06 07:22:22.173729,108,38.97,94,92.3,38.074,91.0,Fever
2025-12-06 07:22:23.173729,65,39.49,88,90.3,38.165,90.0,Low SpO2
2025-12-06 07:22:24.173729,67,36.08,92,90.8,38.0,90.5,Normal
2025-12-06 07:22:25.173729,97,36.8,99,94.1,37.876999999999995,90.9,Normal
2025-12-06 07:22:26.173729,69,38.33,94,90.1,37.916000000000004,91.1,Fever
2025-12-06 07:22:27.173729,120,36.25,87,90.1,37.861000000000004,91.2,High Heart Rate
2025-12-06 07:22:28.173729,75,39.04,88,89.5,37.861,91.5,Low SpO2
2025-12-06 07:22:29.173729,110,36.76,88,88.7,37.897,90.6,Low SpO2
2025-12-06 07:22:30.173729,82,36.74,86,85.3,37.653,90.1,Low SpO2
2025-12-06 07:22:31.173729,88,39.05,95,88.1,37.751,91.1,Fever
2025-12-06 07:22:32.173729,98,37.32,93,87.1,37.586,91.0,Normal
2025-12-06 07:22:33.173729,96,37.44,94,90.2,37.381,91.6,Normal
2025-12-06 07:22:34.173729,114,36.01,100,94.9,37.373999999999995,92.4,High Heart Rate
2025-12-06 07:22:35.173729,101,37.87,87,95.3,37.481,91.2,Low SpO2
2025-12-06 07:22:36.173729,96,38.7,96,98.0,37.517999999999994,91.4,Fever
2025-12-06 07:22:37.173729,72,36.11,90,93.2,37.504,91.7,Low SpO2
2025-12-06 07:22:38.173729,77,37.42,88,93.4,37.342,91.7,Low SpO2
2025-12-06 07:22:39.173729,94,36.88,94,91.8,37.354,92.3,Normal
2025-12-06 07:22:40.173729,65,38.83,85,90.1,37.563,92.2,Low SpO2
2025-12-06 07:22:41.173729,73,39.06,88,88.6,37.564,91.5,Low SpO2
2025-12-06 07:22:42.173729,94,39.32,98,88.2,37.763999999999996,92.0,Fever
2025-12-06 07:22:43.173729,67,37.31,87,85.3,37.751,91.3,Low SpO2
2025-12-06 07:22:44.173729,61,36.06,95,80.0,37.756,90.8,Normal
2025-12-06 07:22:45.173729,102,37.64,87,80.1,37.733000000000004,90.8,Low SpO2
2025-12-06 07:22:46.173729,90,37.98,93,79.5,37.661,90.5,Normal
2025-12-06 07:22:47.173729,89,36.93,97,81.2,37.743,91.2,Normal
2025-12-06 07:22:48.173729,91,36.85,98,82.6,37.686,92.2,Normal
2025-12-06 07:22:49.173729,67,36.03,85,79.9,37.601,91.3,Low SpO2
2025-12-06 07:22:50.173729,79,36.36,94,81.3,37.354,92.2,Normal
2025-12-06 07:22:51.173729,110,37.42,96,85.0,37.190000000000005,93.0,Normal
2025-12-06 07:22:52.173729,74,38.77,100,83.0,37.135000000000005,93.2,Fever
2025-12-06 07:22:53.173729,65,36.77,95,82.8,37.081,94.0,Normal
2025-12-06 07:22:54.173729,72,36.5,98,83.9,37.125,94.3,Normal
2025-12-06 07:22:55.173729,89,37.97,89,82.6,37.158,94.5,Low SpO2
2025-12-06 07:22:56.173729,88,38.58,90,82.4,37.218,94.2,Low SpO2
2025-12-06 07:22:57.173729,114,37.28,90,84.9,37.253,93.5,High Heart Rate
2025-12-06 07:22:58.173729,98,38.37,100,85.6,37.405,93.7,Fever
2025-12-06 07:22:59.173729,70,37.49,85,85.9,37.551,93.7,Low SpO2
2025-12-06 07:23:00.173729,68,37.51,86,84.8,37.666000000000004,92.9,Low SpO2
2025-12-06 07:23:01.173729,68,36.27,91,80.6,37.551,92.4,Low SpO2
2025-12-06 07:23:02.173729,104,37.88,94,83.6,37.462,91.8,Normal
2025-12-06 07:23:03.173729,95,37.83,85,86.6,37.568,90.8,Low SpO2
2025-12-06 07:23:04.173729,118,38.14,87,91.2,37.732,89.7,High Heart Rate
2025-12-06 07:23:05.173729,80,39.2,95,90.3,37.855000000000004,90.3,Fever
2025-12-06 07:23:06.173729,116,38.2,91,93.1,37.817,90.4,High Heart Rate
2025-12-06 07:23:07.173729,69,37.34,86,88.6,37.823,90.0,Low SpO2
2025-12-06 07:23:08.173729,110,38.1,89,89.8,37.796,88.9,Low SpO2
2025-12-06 07:23:09.173729,89,38.35,92,91.7,37.882000000000005,89.6,Fever
2025-12-06 07:23:10.173729,100,37.39,87,94.9,37.87,89.7,Low SpO2
2025-12-06 07:23:11.173729,78,37.58,94,95.9,38.001,90.0,Normal
2025-12-06 07:23:12.173729,79,38.61,94,93.4,38.074,90.0,Fever
2025-12-06 07:23:13.173729,118,36.0,91,95.7,37.891000000000005,90.6,High Heart Rate
2025-12-06 07:23:14.173729,97,38.16,94,93.6,37.893,91.3,Fever
2025-12-06 07:23:15.173729,117,38.6,96,97.3,37.833,91.4,High Heart Rate
2025-12-06 07:23:16.173729,119,38.5,97,97.6,37.863,92.0,High Heart Rate
2025-12-06 07:23:17.173729,71,36.06,99,97.8,37.735,93.3,Normal
2025-12-06 07:23:18.173729,93,36.86,92,96.1,37.611000000000004,93.6,Normal
2025-12-06 07:23:19.173729,100,38.46,86,97.2,37.622,93.0,Low SpO2
2025-12-06 07:23:20.173729,96,39.01,96,96.8,37.784000000000006,93.9,Fever
2025-12-06 07:23:21.173729,66,37.58,100,95.6,37.784000000000006,94.5,Normal
2025-12-06 07:23:22.173729,85,39.48,94,96.2,37.870999999999995,94.5,Fever
2025-12-06 07:23:23.173729,84,37.78,95,92.8,38.049,94.9,Normal
2025-12-06 07:23:24.173729,114,37.17,85,94.5,37.95,94.0,High Heart Rate
2025-12-06 07:23:25.173729,96,39.15,89,92.4,38.005,93.3,Low SpO2
2025-12-06 07:23:26.173729,111,36.44,98,91.6,37.799,93.4,High Heart Rate
2025-12-06 07:23:27.173729,99,38.52,91,94.4,38.045,92.6,Low SpO2
2025-12-06 07:23:28.173729,80,37.05,86,93.1,38.064,92.0,Low SpO2
2025-12-06 07:23:29.173729,62,38.25,85,89.3,38.043,91.9,Low SpO2
2025-12-06 07:23:30.173729,88,37.69,100,88.5,37.910999999999994,92.3,Normal
2025-12-06 07:23:31.173729,88,37.86,85,90.7,37.939,90.8,Low SpO2
2025-12-06 07:23:32.173729,93,37.23,97,91.5,37.714,91.1,Normal
2025-12-06 07:23:33.173729,114,36.79,88,94.5,37.614999999999995,90.4,High Heart Rate
2025-12-06 07:23:34.173729,71,37.8,89,90.2,37.678,90.8,Low SpO2
2025-12-06 07:23:35.173729,100,36.97,96,90.6,37.459999999999994,91.5,Normal
2025-12-06 07:23:36.173729,61,38.0,94,85.6,37.616,91.1,Normal
2025-12-06 07:23:37.173729,117,38.63,98,87.4,37.626999999999995,91.8,High Heart Rate
2025-12-06 07:23:38.173729,61,38.54,86,85.5,37.775999999999996,91.8,Low SpO2
2025-12-06 07:23:39.173729,66,36.23,90,85.9,37.574,92.3,Low SpO2
2025-12-06 07:23:40.173729,111,39.16,99,88.2,37.721,92.2,High Heart Rate
2025-12-06 07:23:41.173729,117,36.54,85,91.1,37.589,92.2,High Heart Rate
2025-12-06 07:23:42.173729,83,37.9,94,90.1,37.65599999999999,91.9,Normal
2025-12-06 07:23:43.173729,96,36.77,89,88.3,37.654,92.0,Low SpO2
2025-12-06 07:23:44.173729,92,37.2,96,90.4,37.594,92.7,Normal
2025-12-06 07:23:45.173729,94,36.63,95,89.8,37.56,92.6,Normal
2025-12-06 07:23:46.173729,81,37.67,92,91.8,37.527,92.4,Normal
2025-12-06 07:23:47.173729,62,39.42,96,86.3,37.605999999999995,92.2,Fever
2025-12-06 07:23:48.173729,80,38.95,99,88.2,37.647000000000006,93.5,Fever
2025-12-06 07:23:49.173729,114,37.13,90,93.0,37.737,93.5,High Heart Rate
2025-12-06 07:23:50.173729,93,36.46,97,91.2,37.467,93.3,Normal
2025-12-06 07:23:51.173729,115,36.49,91,91.0,37.462,93.9,High Heart Rate
2025-12-06 07:23:52.173729,81,37.34,91,90.8,37.406000000000006,93.6,Low SpO2
2025-12-06 07:23:53.173729,101,37.46,88,91.3,37.475,93.5,Low SpO2
2025-12-06 07:23:54.173729,64,37.17,87,88.5,37.472,92.6,Low SpO2
2025-12-06 07:23:55.173729,110,38.46,97,90.1,37.655,92.8,Fever
2025-12-06 07:23:56.173729,101,37.81,89,92.1,37.669,92.5,Low SpO2
2025-12-06 07:23:57.173729,73,38.18,99,93.2,37.545,92.8,Fever
2025-12-06 07:23:58.173729,81,37.8,88,93.3,37.43,91.7,Low SpO2
2025-12-06 07:23:59.173729,62,39.22,99,88.1,37.638999999999996,92.6,Fever
2025-12-06 07:24:00.173729,68,38.14,96,85.6,37.807,92.5,Fever
2025-12-06 07:24:01.173729,71,39.18,94,81.2,38.076,92.8,Fever
2025-12-06 07:24:02.173729,120,39.2,91,85.1,38.262,92.8,High Heart Rate
2025-12-06 07:24:03.173729,108,37.07,87,85.8,38.223,92.7,Low SpO2
2025-12-06 07:24:04.173729,71,39.41,99,86.5,38.446999999999996,93.9,Fever
2025-12-06 07:24:05.173729,111,37.84,99,86.6,38.385000000000005,94.1,High Heart Rate
2025-12-06 07:24:06.173729,120,36.7,94,88.5,38.274,94.6,High Heart Rate
2025-12-06 07:24:07.173729,81,36.94,93,89.3,38.15,94.0,Normal
2025-12-06 07:24:08.173729,76,38.42,89,88.8,38.212,94.1,Low SpO2
2025-12-06 07:24:09.173729,67,36.18,99,89.3,37.908,94.1,Normal
2025-12-06 07:24:10.173729,64,37.02,86,88.9,37.79600000000001,93.1,Low SpO2
2025-12-06 07:24:11.173729,94,37.25,99,91.2,37.603,93.6,Normal
2025-12-06 07:24:12.173729,71,38.89,85,86.3,37.571999999999996,93.0,Low SpO2
2025-12-06 07:24:13.173729,72,36.57,95,82.7,37.522,93.8,Normal
2025-12-06 07:24:14.173729,86,38.43,91,84.2,37.424,93.0,Low SpO2
2025-12-06 07:24:15.173729,118,39.08,86,84.9,37.548,91.7,High Heart Rate
2025-12-06 07:24:16.173729,119,36.36,90,84.8,37.513999999999996,91.3,High Heart Rate
2025-12-06 07:24:17.173729,86,36.77,96,85.3,37.497,91.6,Normal
2025-12-06 07:24:18.173729,71,36.72,93,84.8,37.327,92.0,Normal
2025-12-06 07:24:19.173729,100,38.37,90,88.1,37.546,91.1,Low SpO2
2025-12-06 07:24:20.173729,65,36.18,96,88.2,37.462,92.1,Normal
2025-12-06 07:24:21.173729,97,36.33,86,88.5,37.37,90.8,Low SpO2
2025-12-06 07:24:22.173729,108,36.39,95,92.2,37.12,91.8,Normal
2025-12-06 07:24:23.173729,117,39.2,86,96.7,37.383,90.9,High Heart Rate
2025-12-06 07:24:24.173729,90,36.53,90,97.1,37.193,90.8,Low SpO2
2025-12-06 07:24:25.173729,107,38.54,93,96.0,37.139,91.5,Fever
2025-12-06 07:24:26.173729,94,39.14,93,93.5,37.417,91.8,Fever
2025-12-06 07:24:27.173729,87,36.56,88,93.6,37.396,91.0,Low SpO2
2025-12-06 07:24:28.173729,108,38.96,88,97.3,37.62,90.5,Low SpO2
2025-12-06 07:24:29.173729,83,38.49,93,95.6,37.632,90.8,Fever
2025-12-06 07:24:30.173729,111,38.01,85,100.2,37.815,89.7,High Heart Rate
2025-12-06 07:24:31.173729,84,37.53,97,98.9,37.935,90.8,Normal
